Dia;Temperatura;Produto 1;Produto 2;Produto 3;Produto 4;Produto 5;Produto 6;Produto 7;Produto 8;Produto 9;Produto 10;Produto 11;Produto 12;Produto 13;Produto 14;Produto 15;Produto 16;Produto 17;Produto 18;Produto 19;Produto 20;Produto 21;Produto 22;Produto 23;Produto 24;Produto 25;Produto 26;Produto 27;Produto 28;Produto 29;Produto 30;Produto 31;Produto 32;Produto 33;Produto 34;Produto 35;Produto 36;Produto 37;Produto 38;Produto 39;Produto 40;Produto 41;Produto 42;Produto 43;Produto 44;Produto 45;Produto 46;Produto 47;Produto 48;Produto 49;Produto 50;Produto 51;Produto 52;Produto 53;Produto 54;Produto 55;Produto 56;Produto 57;Produto 58;Produto 59;Produto 60;Produto 61;Produto 62;Produto 63;Produto 64;Produto 65;Produto 66;Produto 67;Produto 68;Produto 69;Produto 70;Total
01/03/2015;21,26;;1;2;1;;;;;;1;;1;2;1;1;1;;;;1;;;;;;;;;;;;;;1;3;;;;;;;;;;;;;;;;;;;;;;;;;;;;;;;;;;;;16
02/03/2015;22,16;;62;79;54;38;;44;68;56;53;;54;83;98;89;78;84;86;16;55;67;33;45;150;54;190;48;94;56;77;40;47;38;92;85;;;;;;;;;;;;;;;;;;;;;;;;;;;;;;;;;;;;2213
03/03/2015;23,16;;132;189;136;103;;113;51;128;120;;93;159;233;185;120;183;179;29;146;160;65;102;223;118;328;136;174;119;160;149;138;143;173;192;;;;;;;;;;;;;;;;;;;;;;;;;;;;;;;;;;;;4679
04/03/2015;23,68;;156;214;170;115;;118;84;143;173;;137;217;264;231;150;211;215;40;175;208;76;124;216;116;328;134;127;120;149;155;164;177;174;224;;;;;;;;;;;;;;;;;;;;;;;;;;;;;;;;;;;;5305
05/03/2015;24,42;;195;272;245;103;;142;120;202;197;;156;251;360;307;202;293;290;51;211;242;79;120;233;120;466;168;159;158;164;163;149;161;210;288;;;;;;;;;;;;;;;;;;;;;;;;;;;;;;;;;;;;6477
06/03/2015;22,6;;215;341;280;138;;170;123;219;234;;196;315;381;365;231;329;322;44;234;305;101;164;239;149;437;211;153;162;182;155;207;217;241;290;;;;;;;;;;;;;;;;;;;;;;;;;;;;;;;;;;;;7350
07/03/2015;21,92;;98;143;96;57;;52;47;91;97;;74;119;166;125;94;132;134;24;111;117;40;65;128;103;287;163;107;105;120;83;112;112;120;123;;;;;;;;;;;;;;;;;;;;;;;;;;;;;;;;;;;;3445
09/03/2015;21,36;;95;184;127;64;;82;95;100;104;;85;140;183;148;105;170;155;21;124;141;58;91;91;44;200;76;63;55;65;70;56;48;65;148;;;;;;;;;;;;;;;;;;;;;;;;;;;;;;;;;;;;3253
10/03/2015;23,12;;174;201;175;97;;134;75;143;140;;106;170;258;221;136;168;210;35;159;183;59;92;209;94;313;108;101;93;109;120;149;154;158;229;;;;;;;;;;;;;;;;;;;;;;;;;;;;;;;;;;;;4773
11/03/2015;22,88;;166;247;176;110;;111;89;164;142;;108;199;289;226;145;187;234;37;173;202;79;89;214;133;428;180;149;146;143;145;132;118;174;180;;;;;;;;;;;;;;;;;;;;;;;;;;;;;;;;;;;;5315
12/03/2015;22,26;;168;241;211;103;;129;104;178;152;;123;220;297;243;168;211;220;50;167;226;78;107;203;113;339;149;130;121;151;171;111;131;141;200;;;;;;;;;;;;;;;;;;;;;;;;;;;;;;;;;;;;5356
13/03/2015;22,34;;174;232;214;98;;117;121;175;161;;118;241;299;251;155;197;232;52;177;229;69;110;263;138;500;201;158;106;186;163;174;219;224;233;;;;;;;;;;;;;;;;;;;;;;;;;;;;;;;;;;;;5987
14/03/2015;22,88;;100;121;121;58;;64;55;85;81;;67;111;145;125;80;105;113;27;92;123;42;50;112;49;221;69;80;72;96;70;61;63;91;114;;;;;;;;;;;;;;;;;;;;;;;;;;;;;;;;;;;;2863
16/03/2015;21,92;;67;313;83;40;;73;28;73;55;;61;74;121;92;65;89;85;16;78;81;32;38;87;53;170;86;61;68;50;317;67;73;65;87;;;;;;;;;;;;;;;;;;;;;;;;;;;;;;;;;;;;2748
17/03/2015;21,92;;126;183;153;87;;88;69;130;133;;97;172;224;191;100;148;178;27;155;180;60;81;209;115;348;191;134;96;167;112;148;174;200;164;;;;;;;;;;;;;;;;;;;;;;;;;;;;;;;;;;;;4640
18/03/2015;21,24;;134;199;151;93;;115;117;125;144;;112;175;241;187;93;137;216;37;140;180;60;87;121;83;302;142;116;81;98;117;53;73;92;172;;;;;;;;;;;;;;;;;;;;;;;;;;;;;;;;;;;;4193
19/03/2015;21,78;;138;232;173;85;;115;131;126;137;;113;204;288;206;119;146;210;44;162;199;73;88;192;106;318;133;100;93;132;146;93;131;100;171;;;;;;;;;;;;;;;;;;;;;;;;;;;;;;;;;;;;4704
20/03/2015;21,64;;148;227;180;96;;126;94;147;148;;110;204;289;229;123;157;225;62;163;192;71;95;364;162;656;375;230;134;225;165;170;229;247;184;;;;;;;;;;;;;;;;;;;;;;;;;;;;;;;;;;;;6227
21/03/2015;20,88;;64;102;87;42;;50;123;63;73;;46;101;123;91;61;75;88;22;74;96;39;35;97;77;159;71;69;46;84;65;85;89;91;71;;;;;;;;;;;;;;;;;;;;;;;;;;;;;;;;;;;;2459
23/03/2015;19,88;;92;95;82;42;;49;48;78;71;;49;86;135;114;49;86;103;27;82;101;33;46;90;32;423;305;55;48;61;62;54;60;66;100;;;;;;;;;;;;;;;;;;;;;;;;;;;;;;;;;;;;2824
24/03/2015;20,98;;106;154;139;82;;79;61;111;108;;82;142;195;154;88;141;145;37;126;148;40;57;132;77;780;619;100;67;100;108;84;166;101;123;;;;;;;;;;;;;;;;;;;;;;;;;;;;;;;;;;;;4652
25/03/2015;21,56;;188;198;174;102;;113;80;115;134;;93;186;249;209;109;166;194;43;169;174;74;58;150;95;251;116;94;88;106;124;78;103;91;175;;;;;;;;;;;;;;;;;;;;;;;;;;;;;;;;;;;;4299
26/03/2015;22,98;;111;173;120;74;;83;67;101;104;;82;166;182;173;77;122;151;30;131;138;58;46;126;59;235;99;66;63;98;120;65;75;99;151;;;;;;;;;;;;;;;;;;;;;;;;;;;;;;;;;;;;3445
27/03/2015;23,32;;140;158;163;79;;103;83;127;110;;65;172;222;179;88;127;176;40;136;168;49;53;220;131;313;140;142;109;146;125;123;118;149;143;;;;;;;;;;;;;;;;;;;;;;;;;;;;;;;;;;;;4297
28/03/2015;23,28;;68;84;90;44;;44;38;48;69;;51;88;110;97;61;80;83;14;64;84;28;32;101;50;180;81;61;48;58;104;53;83;78;86;;;;;;;;;;;;;;;;;;;;;;;;;;;;;;;;;;;;2260
30/03/2015;22,5;;65;94;77;34;;50;105;60;69;;44;88;122;96;47;82;99;11;71;87;20;28;5;2;23;9;6;4;6;6;4;4;4;91;;;;;;;;;;;;;;;;;;;;;;;;;;;;;;;;;;;;1513
31/03/2015;23,14;;398;141;162;63;;53;67;147;129;;67;176;232;187;109;215;183;22;116;179;35;54;271;141;407;210;166;146;182;228;173;173;252;229;;;;;;;;;;;;;;;;;;;;;;;;;;;;;;;;;;;;5313
01/04/2015;22,52;;81;132;96;56;;1;58;86;84;;65;134;160;136;72;130;141;16;98;123;36;46;224;165;285;131;200;46;169;151;174;173;192;118;;;;;;;;;;;;;;;;;;;;;;;;;;;;;;;;;;;;3779
02/04/2015;20,92;;157;138;166;84;;2;54;137;146;;78;196;246;209;125;157;200;30;146;194;56;61;121;70;203;92;95;88;95;107;83;92;114;170;;;;;;;;;;;;;;;;;;;;;;;;;;;;;;;;;;;;3912
06/04/2015;21,36;;107;140;103;67;;1;104;100;99;;67;162;187;157;82;115;147;17;135;141;36;47;148;53;176;81;96;45;104;75;45;69;85;154;;;;;;;;;;;;;;;;;;;;;;;;;;;;;;;;;;;;3145
07/04/2015;17,38;;89;153;124;81;;;67;103;108;;74;183;215;184;82;115;180;30;131;166;26;44;156;96;239;135;91;90;111;137;79;94;106;147;;;;;;;;;;;;;;;;;;;;;;;;;;;;;;;;;;;;3636
08/04/2015;18,68;;91;103;100;61;;;45;102;104;;52;118;165;121;61;83;138;20;97;134;27;42;186;129;265;115;136;111;145;136;92;122;119;96;;;;;;;;;;;;;;;;;;;;;;;;;;;;;;;;;;;;3316
09/04/2015;19,4;;107;140;129;70;;;54;119;98;;68;137;210;155;78;112;167;25;126;162;37;55;185;96;319;89;117;87;130;115;98;112;118;136;;;;;;;;;;;;;;;;;;;;;;;;;;;;;;;;;;;;3651
10/04/2015;20,46;;138;158;164;92;;;71;142;139;;85;180;219;191;109;172;200;31;158;180;27;61;207;119;305;148;150;120;168;155;103;134;130;154;;;;;;;;;;;;;;;;;;;;;;;;;;;;;;;;;;;;4410
13/04/2015;20,88;;128;168;147;88;;;60;136;135;;75;198;242;187;74;128;194;28;144;181;42;67;126;82;239;101;86;87;116;97;60;68;101;167;;;;;;;;;;;;;;;;;;;;;;;;;;;;;;;;;;;;3752
14/04/2015;21,7;;99;294;119;76;;;115;99;108;;68;158;205;150;86;97;147;27;127;147;34;53;85;60;153;66;69;46;73;103;44;69;77;124;;;;;;;;;;;;;;;;;;;;;;;;;;;;;;;;;;;;3178
15/04/2015;21,94;;112;242;359;77;;;60;360;200;;80;338;439;265;93;189;248;51;312;327;44;53;293;160;473;118;148;133;172;137;126;145;149;140;;;;;;;;;;;;;;;;;;;;;;;;;;;;;;;;;;;;6043
16/04/2015;21,26;;141;219;164;107;;;120;134;164;;107;208;271;189;120;178;212;40;184;222;44;81;169;118;305;150;138;107;139;165;107;122;146;175;;;;;;;;;;;;;;;;;;;;;;;;;;;;;;;;;;;;4746
17/04/2015;21,42;;155;191;200;107;;;89;190;160;;105;228;270;227;124;152;187;29;205;204;75;69;261;137;418;121;142;123;146;148;101;179;161;179;;;;;;;;;;;;;;;;;;;;;;;;;;;;;;;;;;;;5083
20/04/2015;24;;95;124;151;68;;;156;136;117;;79;139;189;164;99;114;141;37;120;122;73;46;197;146;388;192;158;138;137;168;105;118;126;123;;;;;;;;;;;;;;;;;;;;;;;;;;;;;;;;;;;;4166
21/04/2015;22,52;;106;153;128;69;;;57;139;118;;74;164;208;209;93;127;189;26;138;153;23;62;223;138;383;118;134;120;201;127;125;162;144;147;;;;;;;;;;;;;;;;;;;;;;;;;;;;;;;;;;;;4258
23/04/2015;21,2;;133;181;179;80;;;81;132;154;;113;200;288;193;112;145;211;26;158;173;29;83;193;135;324;133;137;121;153;153;101;135;116;154;;;;;;;;;;;;;;;;;;;;;;;;;;;;;;;;;;;;4526
24/04/2015;22,52;;155;169;204;119;;;87;165;161;;84;217;225;164;116;147;187;42;168;179;49;81;192;122;393;130;115;117;147;137;98;139;137;190;;;;;;;;;;;;;;;;;;;;;;;;;;;;;;;;;;;;4636
27/04/2015;19,82;;143;201;194;84;;;123;131;142;;101;188;229;194;98;137;188;34;170;161;53;78;162;108;333;146;116;104;107;141;86;79;83;148;;;;;;;;;;;;;;;;;;;;;;;;;;;;;;;;;;;;4262
28/04/2015;20,26;;139;202;190;92;;;74;135;176;;83;214;295;218;113;148;220;30;172;178;42;81;251;163;344;180;142;118;192;181;131;164;161;178;;;;;;;;;;;;;;;;;;;;;;;;;;;;;;;;;;;;5007
29/04/2015;18,66;;139;217;206;105;;;86;150;169;;116;214;260;230;126;175;204;43;161;191;64;92;292;185;409;191;185;179;166;174;138;133;178;188;;;;;;;;;;;;;;;;;;;;;;;;;;;;;;;;;;;;5366
30/04/2015;16,22;;2390;1600;2229;1136;;;1845;2860;1525;;2662;1792;2470;2036;2322;2225;2829;981;1667;2894;1029;73;1415;1436;2357;1639;989;1074;1939;2429;900;1361;964;2188;;;;;;;;;;;;;;;;;;;;;;;;;;;;;;;;;;;;55256
04/05/2015;19,96;;58;80;64;42;;;36;60;72;;27;87;94;93;38;41;89;11;77;75;16;30;67;68;138;60;57;52;71;63;48;44;60;65;;;;;;;;;;;;;;;;;;;;;;;;;;;;;;;;;;;;1883
05/05/2015;18,14;;57;86;75;57;;;92;55;76;;42;102;121;113;53;68;115;12;87;73;16;24;129;89;187;77;90;68;124;112;89;116;124;107;;;;;;;;;;;;;;;;;;;;;;;;;;;;;;;;;;;;2636
06/05/2015;17,76;;171;223;266;77;;;76;165;166;;99;255;254;114;48;46;209;12;181;223;49;16;192;76;169;67;145;69;101;206;53;167;84;154;;;;;;;;;;;;;;;;;;;;;;;;;;;;;;;;;;;;4133
07/05/2015;17,8;;83;96;96;67;;;62;84;98;;48;117;144;121;60;79;103;17;102;119;28;30;122;118;273;120;129;135;132;184;79;98;91;80;;;;;;;;;;;;;;;;;;;;;;;;;;;;;;;;;;;;3115
08/05/2015;16,14;;105;133;115;60;;;85;119;102;;52;126;182;158;87;115;146;42;105;147;26;37;189;123;318;106;122;109;140;109;101;128;125;107;91;20;90;90;;;;;;;;;;;;;;;;;;;;;;;;;;;;;;;;3910
11/05/2015;17,86;;112;159;124;68;;;127;96;108;;54;149;209;162;63;92;166;20;125;126;33;34;158;102;321;140;121;82;100;115;59;63;88;110;;;;;;;;;;;;;;;;;;;;;;;;;;;;;;;;;;;;3486
12/05/2015;17,12;;95;96;93;50;;;39;61;76;;40;108;143;107;49;64;125;19;79;79;17;29;160;116;175;78;96;107;109;113;111;94;74;70;31;32;32;31;;;;;;;;;;;;;;;;;;;;;;;;;;;;;;;;2798
13/05/2015;16,34;;122;101;111;67;;;62;132;103;;45;120;203;165;85;93;139;30;111;117;17;31;148;109;215;123;89;99;110;131;67;69;91;123;13;15;14;14;;;;;;;;;;;;;;;;;;;;;;;;;;;;;;;;3284
14/05/2015;16,72;;90;119;102;47;;;57;101;114;;51;134;173;148;41;64;139;20;117;120;23;34;120;109;229;96;125;86;134;111;56;63;90;83;55;55;55;55;;;;;;;;;;;;;;;;;;;;;;;;;;;;;;;;3216
15/05/2015;16,84;;192;176;206;101;;;70;183;224;;96;220;338;254;85;102;290;25;171;242;34;40;181;92;222;107;95;116;120;134;64;78;86;176;38;40;38;40;;;;;;;;;;;;;;;;;;;;;;;;;;;;;;;;4676
18/05/2015;18,6;;71;101;78;53;;;45;69;87;;53;112;134;124;57;66;119;20;89;119;16;24;133;74;206;110;79;92;87;108;100;73;91;88;;;;;;;;;;;;;;;;;;;;;;;;;;;;;;;;;;;;2678
19/05/2015;18,64;;118;139;110;50;;;108;74;117;;43;129;141;120;56;52;119;19;97;119;27;37;113;121;182;74;82;92;98;119;49;54;75;87;13;13;13;13;;;;;;;;;;;;;;;;;;;;;;;;;;;;;;;;2873
20/05/2015;18,74;;67;98;106;55;;;44;70;98;;40;126;137;117;50;57;115;16;92;101;27;37;113;49;112;48;47;42;63;86;48;51;54;68;12;31;30;20;;;;;;;;;;;;;;;;;;;;;;;;;;;;;;;;2327
21/05/2015;19,46;;120;141;234;77;;;101;199;168;;58;223;271;184;72;87;144;26;154;170;28;43;158;70;243;122;77;84;117;179;56;76;72;121;4;3;4;3;;;;;;;;;;;;;;;;;;;;;;;;;;;;;;;;3889
22/05/2015;20,26;;151;150;167;80;;;71;138;140;;82;166;227;174;77;109;176;24;137;166;44;59;177;96;321;123;124;104;129;153;92;90;121;127;48;51;48;48;;;;;;;;;;;;;;;;;;;;;;;;;;;;;;;;4190
25/05/2015;22,06;;100;97;117;73;;;111;82;90;;68;119;143;108;63;77;127;14;100;104;27;27;130;156;160;302;79;66;92;90;53;61;73;103;29;29;26;26;;;;;;;;;;;;;;;;;;;;;;;;;;;;;;;;3122
26/05/2015;21,28;;136;207;150;80;;;63;116;132;;74;161;190;165;77;98;158;12;112;147;35;54;127;142;193;172;97;86;93;108;71;88;102;117;8;15;8;15;;;;;;;;;;;;;;;;;;;;;;;;;;;;;;;;3609
27/05/2015;22,94;;115;151;132;60;;;76;148;121;;68;174;217;195;101;127;156;12;133;152;43;45;141;310;290;452;76;66;98;120;80;91;84;132;54;50;53;53;;;;;;;;;;;;;;;;;;;;;;;;;;;;;;;;4376
28/05/2015;18,56;;144;200;165;92;;;113;152;136;;77;209;267;202;118;134;179;14;142;182;54;60;119;340;253;370;79;84;82;100;57;64;72;134;110;112;111;110;;;;;;;;;;;;;;;;;;;;;;;;;;;;;;;;4837
29/05/2015;17,68;;120;208;231;97;;;155;141;158;;73;202;223;196;74;92;176;39;144;174;81;56;311;300;465;238;164;160;149;172;92;140;151;137;68;10;8;8;;;;;;;;;;;;;;;;;;;;;;;;;;;;;;;;5213
30/05/2015;17,52;;123;118;108;59;;;79;82;94;;46;111;171;115;76;115;142;12;104;90;55;31;159;80;206;97;79;74;102;97;56;51;70;108;106;49;42;42;;;;;;;;;;;;;;;;;;;;;;;;;;;;;;;;3149
01/06/2015;16,28;;10;14;16;2;;;10;7;17;;7;17;16;13;7;12;16;2;12;19;7;4;72;94;110;125;56;55;59;45;39;32;46;13;10;11;10;10;;;;;;;;;;;;;;;;;;;;;;;;;;;;;;;;995
02/06/2015;16,04;;45;49;45;36;;;21;55;51;;24;64;97;68;18;27;73;4;47;68;13;15;89;41;135;62;43;44;60;88;30;54;52;43;70;70;72;72;;;;;;;;;;;;;;;;;;;;;;;;;;;;;;;;1845
03/06/2015;17,94;;127;98;143;78;;;74;144;143;;64;162;169;138;99;83;157;25;128;139;86;25;123;67;164;48;42;58;54;83;25;45;47;112;52;51;41;41;;;;;;;;;;;;;;;;;;;;;;;;;;;;;;;;3135
04/06/2015;18,36;;79;119;113;47;;;49;89;82;;47;123;164;110;49;56;126;5;95;109;38;21;190;57;221;100;88;72;97;108;58;57;67;87;21;21;16;16;;;;;;;;;;;;;;;;;;;;;;;;;;;;;;;;2797
05/06/2015;18,32;;;;;;;;;;;;;;30;20;;;;;;;;;;;;;;;;;;;;;;;;;;;;;;;;;;;;;;;;;;;;;;;;;;;;;;;;50
08/06/2015;20,86;;61;95;75;56;;;51;58;82;;45;99;128;97;51;62;87;11;72;79;36;27;70;46;150;62;61;47;55;77;34;39;28;67;10;10;15;10;;;;;;;;;;;;;;;;;;;;;;;;;;;;;;;;2053
09/06/2015;20,32;;91;121;175;71;;;135;167;131;;71;176;292;136;74;83;156;4;167;202;37;44;132;171;224;233;74;81;122;146;30;46;55;118;5;10;5;10;;;;;;;;;;;;;;;;;;;;;;;;;;;;;;;;3795
10/06/2015;20,54;;97;138;103;58;;;46;125;101;;53;150;201;180;68;79;158;7;115;121;35;37;173;100;280;98;101;91;142;124;56;79;71;91;32;46;35;34;;;;;;;;;;;;;;;;;;;;;;;;;;;;;;;;3425
11/06/2015;22,72;;77;140;119;65;;;35;110;129;;70;151;180;128;64;98;155;6;110;129;29;38;179;137;215;196;88;72;110;124;42;52;68;110;39;40;37;30;;;;;;;;;;;;;;;;;;;;;;;;;;;;;;;;3372
12/06/2015;18,8;;162;168;199;92;;21;82;155;203;;85;231;259;225;125;133;220;30;154;167;56;59;197;110;332;116;139;117;167;130;90;102;147;180;25;22;27;25;;;;;;;;;;;;;;;;;;;;;;;;;;;;;;;;4752
15/06/2015;16,02;;76;123;99;45;;38;75;88;100;;30;127;123;128;41;52;111;6;96;107;29;28;182;99;241;111;132;106;98;124;61;79;93;81;;;;;;;;;;;;;;;;;;;;;;;;;;;;;;;;;;;;2929
16/06/2015;14,82;;77;106;115;43;;126;35;90;75;;41;117;157;170;43;66;130;10;106;106;27;27;208;130;264;153;137;115;161;140;121;83;106;71;34;81;36;31;;;;;;;;;;;;;;;;;;;;;;;;;;;;;;;;3538
17/06/2015;19,8;;75;125;105;44;;100;38;84;96;;50;129;167;127;44;56;141;13;103;121;28;31;165;92;226;134;96;103;118;130;80;80;97;78;23;23;23;22;;;;;;;;;;;;;;;;;;;;;;;;;;;;;;;;3167
18/06/2015;19,88;;106;127;142;51;;144;67;135;119;;52;174;230;176;67;87;172;43;129;130;44;35;195;473;342;406;90;91;147;138;53;81;82;95;8;7;8;6;;;;;;;;;;;;;;;;;;;;;;;;;;;;;;;;4452
19/06/2015;14,66;;128;173;145;62;;170;68;121;147;;44;165;229;211;68;109;183;26;125;153;37;42;279;224;461;244;165;114;165;132;70;95;115;154;14;13;15;14;;;;;;;;;;;;;;;;;;;;;;;;;;;;;;;;4680
22/06/2015;18,54;;71;97;79;42;;125;37;83;70;;40;119;136;120;45;76;115;22;71;105;25;23;179;68;295;118;100;95;92;134;77;90;116;88;6;6;6;6;;;;;;;;;;;;;;;;;;;;;;;;;;;;;;;;2977
23/06/2015;19,02;;71;84;83;34;;141;75;70;71;;28;94;133;112;31;48;120;19;77;96;25;19;122;118;210;138;86;62;111;117;59;72;71;67;6;6;7;6;;;;;;;;;;;;;;;;;;;;;;;;;;;;;;;;2689
24/06/2015;14,54;;73;123;94;52;;134;39;78;73;;32;111;143;107;62;64;104;14;69;92;26;26;141;100;304;96;114;54;90;90;45;57;71;83;27;27;27;27;;;;;;;;;;;;;;;;;;;;;;;;;;;;;;;;2869
25/06/2015;14,72;;97;135;110;50;;199;63;98;114;;60;140;186;166;51;76;152;24;116;137;19;28;151;151;229;203;77;73;94;148;47;49;48;94;27;22;30;31;;;;;;;;;;;;;;;;;;;;;;;;;;;;;;;;3495
26/06/2015;15,26;;89;165;210;67;;188;54;165;156;;55;215;272;148;78;73;158;27;192;217;41;31;197;122;332;160;138;119;148;136;104;109;107;111;7;7;7;7;;;;;;;;;;;;;;;;;;;;;;;;;;;;;;;;4412
29/06/2015;17,2;;81;105;92;61;;151;86;81;76;;34;110;156;125;34;63;121;15;98;101;25;25;213;175;297;211;140;117;145;123;75;91;89;68;9;8;7;10;;;;;;;;;;;;;;;;;;;;;;;;;;;;;;;;3418
30/06/2015;19,36;;81;153;132;57;;161;40;107;102;;47;148;174;144;57;59;141;23;104;125;34;28;167;108;241;77;79;68;127;142;45;46;46;82;13;14;14;13;;;;;;;;;;;;;;;;;;;;;;;;;;;;;;;;3199
01/07/2015;17,78;;38;42;54;15;;70;22;37;42;;15;42;63;53;16;32;49;3;52;55;4;10;44;45;68;37;26;13;38;59;9;11;13;33;23;24;24;24;;;;;;;;;;;;;;;;;;;;;;;;;;;;;;;;1205
02/07/2015;17,2;;49;77;100;39;;99;31;60;61;;30;92;117;84;39;50;107;10;76;94;29;16;43;43;77;68;31;15;24;56;9;12;12;58;25;25;20;21;;;;;;;;;;;;;;;;;;;;;;;;;;;;;;;;1799
03/07/2015;17,52;;103;100;105;46;;139;70;87;87;;46;140;148;156;38;51;97;20;82;107;35;25;72;57;110;47;41;65;70;45;64;24;26;80;25;29;23;25;;;;;;;;;;;;;;;;;;;;;;;;;;;;;;;;2485
06/07/2015;15,78;;48;59;56;32;;66;19;48;49;;21;64;85;88;31;39;67;6;57;58;16;10;55;33;74;37;29;39;36;44;18;18;28;35;10;12;10;13;;;;;;;;;;;;;;;;;;;;;;;;;;;;;;;;1410
07/07/2015;16,8;;50;73;53;35;;83;132;47;52;;26;68;97;72;19;42;66;7;51;63;8;14;53;38;85;23;24;28;46;63;15;21;17;43;48;54;57;39;;;;;;;;;;;;;;;;;;;;;;;;;;;;;;;;1712
08/07/2015;17,02;;71;111;153;73;;139;44;123;115;;37;134;188;136;37;73;135;19;98;108;33;29;91;91;193;176;62;47;93;88;35;28;27;79;31;31;22;31;;;;;;;;;;;;;;;;;;;;;;;;;;;;;;;;2981
09/07/2015;17,54;;64;108;75;58;;123;52;61;71;;35;107;157;112;37;43;106;16;88;107;25;15;173;81;189;155;78;80;125;112;48;57;69;61;22;22;32;26;;;;;;;;;;;;;;;;;;;;;;;;;;;;;;;;2790
10/07/2015;19,24;;50;24;;;;12;11;12;;;25;;34;34;24;54;;;;12;;;;;;;;;;;;;;44;12;12;12;12;;;;;;;;;;;;;;;;;;;;;;;;;;;;;;;;384
13/07/2015;22,06;;49;74;146;40;;68;137;87;101;;53;145;183;73;76;89;70;38;97;143;45;15;82;50;138;41;54;45;63;65;22;36;66;119;3;5;5;6;;;;;;;;;;;;;;;;;;;;;;;;;;;;;;;;2529
14/07/2015;23,3;;75;108;125;51;;97;60;89;66;;39;120;157;112;42;59;97;16;90;98;21;24;147;68;245;74;101;67;83;129;36;67;60;65;8;18;20;13;;;;;;;;;;;;;;;;;;;;;;;;;;;;;;;;2747
15/07/2015;20,18;;100;115;179;81;;122;81;123;120;;74;186;207;153;89;112;145;31;116;135;49;36;78;166;149;104;43;60;63;98;29;35;37;109;14;13;16;15;;;;;;;;;;;;;;;;;;;;;;;;;;;;;;;;3283
16/07/2015;19,88;;146;216;219;91;;183;116;163;164;;98;192;286;206;128;142;210;59;177;185;59;56;128;2260;224;2694;111;93;77;118;30;44;47;149;34;30;47;36;;;;;;;;;;;;;;;;;;;;;;;;;;;;;;;;9218
17/07/2015;19,14;;176;186;241;89;;158;109;194;186;;72;236;258;196;92;115;212;47;164;181;46;45;126;37;269;151;94;86;88;134;52;69;71;112;5;6;7;5;;;;;;;;;;;;;;;;;;;;;;;;;;;;;;;;4315
20/07/2015;20,56;;71;143;128;37;;107;44;97;91;;51;122;147;116;60;71;116;13;103;114;29;19;98;9;165;509;73;55;68;82;37;48;44;75;22;34;34;22;;;;;;;;;;;;;;;;;;;;;;;;;;;;;;;;3054
21/07/2015;16,72;;88;27;127;57;;95;119;94;117;;67;137;181;126;90;108;136;20;118;151;35;42;182;68;249;1665;117;90;136;134;51;65;70;135;4;12;32;13;;;;;;;;;;;;;;;;;;;;;;;;;;;;;;;;4958
22/07/2015;14,52;;122;26;185;80;;148;58;130;126;;69;174;233;184;110;132;170;31;122;163;52;44;128;47;207;2530;85;75;93;121;44;52;56;131;2;6;9;5;;;;;;;;;;;;;;;;;;;;;;;;;;;;;;;;5950
23/07/2015;17,02;;75;1;139;60;;106;60;124;104;;62;122;174;141;82;76;129;26;105;128;44;35;138;70;189;732;72;67;108;136;45;70;73;92;26;32;36;26;;;;;;;;;;;;;;;;;;;;;;;;;;;;;;;;3705
24/07/2015;18,46;;209;1;268;68;;145;125;218;177;;98;231;339;218;144;166;182;36;214;243;116;48;197;44;267;950;95;51;113;139;62;81;106;207;18;14;28;19;;;;;;;;;;;;;;;;;;;;;;;;;;;;;;;;5637
27/07/2015;16,6;;78;11;137;51;;121;53;104;89;;41;121;157;129;55;62;121;18;99;101;36;25;238;93;327;936;122;94;123;133;71;76;97;88;9;9;8;9;;;;;;;;;;;;;;;;;;;;;;;;;;;;;;;;4042
28/07/2015;16,46;;73;3;105;55;;107;118;71;86;;50;127;145;110;57;65;110;21;97;114;26;32;217;90;285;242;103;68;118;153;41;63;56;94;51;64;58;58;;;;;;;;;;;;;;;;;;;;;;;;;;;;;;;;3333
29/07/2015;16,2;44;81;1;83;34;;64;54;76;60;;36;90;115;84;52;55;87;18;70;77;24;23;89;22;150;333;30;54;48;96;22;27;44;78;7;12;11;11;;;;;;;;;;;;;;;;;;;;;;;;;;;;;;;;2262
30/07/2015;16,76;46;165;;236;82;;149;112;179;146;;102;222;272;213;128;135;211;61;201;212;84;63;136;4;237;439;116;75;93;103;41;49;45;169;9;11;16;13;;;;;;;;;;;;;;;;;;;;;;;;;;;;;;;;4575
31/07/2015;19,24;;135;;180;85;;142;72;133;156;;68;189;239;208;108;138;179;47;173;177;53;55;163;3;259;172;79;73;137;195;62;82;70;148;21;21;29;20;;;;;;;;;;;;;;;;;;;;;;;;;;;;;;;;4071
03/08/2015;21,16;;27;;26;18;;21;9;34;25;;11;35;46;38;24;37;36;7;22;39;7;8;80;;102;115;36;47;62;71;33;35;40;25;27;28;28;28;21;22;;;;;;;;;;;;;;;;;;;;;;;;;;;;;;1270
04/08/2015;21,04;;55;;98;45;;95;48;88;88;;52;123;144;120;66;85;121;21;95;108;21;33;170;;230;223;113;92;135;144;61;75;102;91;14;20;29;21;;;;;;;;;;;;;;;;;;;;;;;;;;;;;;;;3026
05/08/2015;20,96;;137;;220;91;;130;73;160;140;;93;196;232;188;111;146;198;34;182;201;47;62;393;1;518;337;203;188;273;233;127;148;175;130;5;6;6;4;;;;;;;;;;;;;;;;;;;;;;;;;;;;;;;;5388
06/08/2015;21,06;;157;;199;74;;137;79;126;140;;96;197;247;200;120;165;185;32;146;184;42;64;327;;593;201;203;194;223;310;129;121;137;169;22;27;25;22;;;;;;;;;;;;;;;;;;;;;;;;;;;;;;;;5293
07/08/2015;22,08;;182;;318;84;;155;125;247;228;;152;326;347;219;194;258;241;57;211;265;59;110;614;;762;339;312;308;360;481;196;251;226;213;49;55;58;50;212;212;;;;;;;;;;;;;;;;;;;;;;;;;;;;;;8476
10/08/2015;21,2;;136;;184;58;;143;99;156;144;;108;190;275;214;125;186;215;33;171;204;44;72;199;;307;139;148;112;137;157;77;81;98;156;29;40;45;33;2;2;;;;;;;;;;;;;;;;;;;;;;;;;;;;;;4519
11/08/2015;19,6;3;95;;168;66;;105;61;110;113;;106;147;198;149;107;149;151;23;128;167;39;66;328;;524;162;204;181;203;234;116;132;160;125;22;36;36;33;10;10;;;;;;;;;;;;;;;;;;;;;;;;;;;;;;4667
12/08/2015;20,12;;148;;266;100;;186;97;170;184;;140;271;328;254;152;208;257;41;195;243;52;79;330;;565;215;238;219;229;260;135;151;167;225;29;29;30;28;;;;;;;;;;;;;;;;;;;;;;;;;;;;;;;;6221
13/08/2015;20,42;;153;;282;85;;184;102;188;193;;133;246;320;252;196;210;260;32;189;240;56;74;348;;593;232;220;251;234;261;172;165;183;213;61;66;69;64;2;2;;;;;;;;;;;;;;;;;;;;;;;;;;;;;;6531
14/08/2015;20,86;;191;;248;150;;160;97;186;200;;126;236;338;257;206;255;238;31;205;273;49;80;643;;970;238;243;199;255;288;120;124;153;231;24;30;34;25;;;;;;;;;;;;;;;;;;;;;;;;;;;;;;;;7103
15/08/2015;21,44;;83;;121;45;;82;93;85;71;;57;115;139;120;74;93;112;18;83;91;32;34;339;;488;169;183;141;198;163;88;102;124;101;;;;;;;;;;;;;;;;;;;;;;;;;;;;;;;;;;;;3644
17/08/2015;21,58;;49;;77;45;;56;32;54;63;;45;84;94;90;64;84;96;11;65;79;17;32;272;;389;186;173;168;170;180;112;126;152;78;79;90;111;95;1;1;;;;;;;;;;;;;;;;;;;;;;;;;;;;;;3520
18/08/2015;21,3;;112;;158;71;;114;46;122;134;;97;185;218;197;110;172;185;18;136;151;24;78;716;;980;211;270;232;265;255;166;184;217;161;16;18;16;15;;2;;;;;;;;;;;;;;;;;;;;;;;;;;;;;;6052
19/08/2015;20,74;;185;;251;70;;153;80;157;135;;85;220;274;236;122;235;221;28;184;200;52;58;379;;586;259;223;227;282;253;120;153;143;238;15;13;18;17;;1;;;;;;;;;;;;;;;;;;;;;;;;;;;;;;5873
20/08/2015;16,2;;202;;323;110;;171;114;265;214;;157;293;384;318;181;201;249;61;240;242;61;82;358;;619;192;300;226;264;295;138;162;193;232;6;19;15;10;;1;;;;;;;;;;;;;;;;;;;;;;;;;;;;;;6898
21/08/2015;16,84;61;238;;287;134;;155;134;243;227;;153;309;367;302;204;243;293;61;250;282;84;94;283;;425;168;186;164;191;176;89;98;126;247;14;17;38;28;2;5;;;;;;;;;;;;;;;;;;;;;;;;;;;;;;6378
22/08/2015;18,08;7;50;;52;40;;53;30;62;63;;37;86;89;81;49;69;86;6;41;73;17;20;181;;229;71;101;104;98;131;66;79;91;59;2;2;2;;;;;;;;;;;;;;;;;;;;;;;;;;;;;;;;;2227
24/08/2015;16,98;;64;;210;46;;64;75;156;132;;104;193;208;191;128;142;108;31;154;182;62;77;178;;264;105;88;107;129;127;48;61;61;162;19;16;20;18;;1;;;;;;;;;;;;;;;;;;;;;;;;;;;;;;3731
25/08/2015;16,98;;87;;108;57;;84;75;101;98;;37;114;166;142;59;82;125;19;89;133;26;24;246;;391;145;214;204;233;200;115;153;158;98;16;18;24;15;33;33;;;7;;;7;;;;;;;;;;;;;;;;;;;;;;;;3936
26/08/2015;18,92;;121;;199;73;;129;78;164;132;;91;188;235;207;91;124;198;27;159;178;47;47;229;;332;157;121;124;161;176;65;94;85;133;11;12;10;12;;1;;;81;;;61;;;;;;;;;;;;;;;;;;;;;;;;4353
27/08/2015;16,1;;119;;148;84;;107;86;146;125;;71;190;238;179;130;150;159;16;114;157;48;61;229;;316;118;144;148;171;188;83;89;106;128;11;16;21;15;40;32;;;35;;;32;;;;;;;;;;;;;;;;;;;;;;;;4250
28/08/2015;16,28;;152;;163;103;;112;97;141;122;;74;182;268;213;119;136;190;27;164;164;47;52;302;;477;222;268;172;211;192;123;138;153;141;13;22;20;17;;;;;10;;;10;;;;;;;;;;;;;;;;;;;;;;;;5017
29/08/2015;18,46;13;44;;56;29;;39;46;89;32;;33;89;76;36;68;81;42;9;43;37;24;16;185;;196;64;113;103;114;84;71;83;96;42;11;12;13;13;34;26;;;35;;;33;;;;;;;;;;;;;;;;;;;;;;;;2230
31/08/2015;24,54;;81;;97;49;;657;239;629;688;;346;415;135;104;54;84;781;175;96;89;21;38;268;;594;683;148;268;662;191;216;220;113;542;4;10;7;4;886;880;;;897;;;885;;;;;;;;;;;;;;;;;;;;;;;;12256
01/09/2015;21,44;;127;;454;57;;345;92;157;418;;384;175;505;456;86;429;336;53;136;205;82;55;324;;549;223;242;336;488;353;158;313;352;161;13;18;14;14;116;140;;;84;;;101;;;;;;;;;;;;;;;;;;;;;;;;8551
02/09/2015;16,1;;127;;160;81;;118;72;140;149;;119;214;262;181;132;160;215;33;115;175;36;63;157;;372;163;124;135;159;173;65;77;92;173;5;8;14;6;89;81;;;82;;;79;;;;;;;;;;;;;;;;;;;;;;;;4606
03/09/2015;19,3;;142;;119;45;;116;163;125;93;;71;147;184;173;92;131;149;19;115;155;40;39;193;;357;177;208;125;213;194;71;113;97;129;26;32;39;32;69;50;;;45;;;45;;;;;;;;;;;;;;;;;;;;;;;;4333
04/09/2015;16,66;;250;;237;102;;153;129;200;198;;140;292;292;255;153;249;271;62;222;260;105;78;282;;447;188;152;177;163;220;84;119;153;267;9;13;15;12;98;78;;;90;;;75;;;;;;;;;;;;;;;;;;;;;;;;6290
05/09/2015;16,12;;68;;61;16;;26;32;47;28;;45;54;79;58;31;52;52;21;57;50;13;15;51;;94;39;27;26;29;28;16;15;25;44;;;;;17;15;;;19;;;14;;;;;;;;;;;;;;;;;;;;;;;;1264
08/09/2015;17,08;2;77;;50;61;;52;23;54;75;;28;72;109;82;73;54;83;8;49;91;8;26;121;;278;61;164;98;117;94;50;57;59;85;2;1;2;2;28;21;;;13;;;15;;;;;;;;;;;;;;;;;;;;;;;;2345
09/09/2015;18,82;;80;;100;59;;77;34;74;75;;40;142;161;135;64;89;114;12;100;95;18;29;278;;390;157;197;156;223;172;134;154;181;85;6;7;8;6;121;117;;;129;;;110;;;;;;;;;;;;;;;;;;;;;;;;4129
10/09/2015;18,92;;87;;94;54;;101;56;71;85;;42;116;161;122;81;86;126;16;105;124;32;33;225;;383;184;141;126;168;202;103;123;135;90;16;22;21;21;93;67;;;94;6;;92;;;;;;;;;;;;;;;;;;;;;;;;3904
11/09/2015;16,88;;148;;146;57;;108;110;184;123;;106;204;242;169;107;147;215;21;119;148;33;46;265;;394;166;203;163;177;202;88;103;119;138;2;4;5;3;90;64;;;88;28;;77;;;;;;;;;;;;;;;;;;;;;;;;4812
12/09/2015;14;;18;;30;38;;13;51;47;21;;12;55;68;50;12;14;29;8;57;47;8;3;127;;235;130;86;98;97;80;53;50;74;17;;;;;22;19;;;57;44;;52;;;;;;;;;;;;;;;;;;;;;;;;1822
14/09/2015;16,46;;60;;78;29;;44;84;39;41;;29;72;79;57;33;44;66;6;67;62;10;22;180;1;365;70;116;125;131;109;64;64;76;53;2;2;4;3;25;20;;;29;9;;28;;;;;;;;;;;;;;;;;;;;;;;;2398
15/09/2015;21,18;;58;;87;35;;66;48;71;71;;39;82;106;84;39;52;86;9;78;81;17;30;192;;283;111;156;95;203;151;52;77;87;58;13;22;18;14;36;31;;;56;20;;50;;;;;;;;;;;;;;;;;;;;;;;;2864
16/09/2015;25,24;;103;;171;73;;99;80;115;105;;66;136;181;142;69;98;137;22;119;146;33;50;331;;523;183;182;137;214;198;100;114;115;109;3;3;2;5;48;44;;;57;39;;56;;;;;;;;;;;;;;;;;;;;;;;;4408
17/09/2015;27,26;;120;;182;83;;131;99;128;135;;80;175;242;176;99;138;167;37;141;166;47;59;235;;486;166;143;164;208;231;106;79;118;132;24;28;28;26;82;77;;;60;63;;80;;;;;;;;;;;;;;;;;;;;;;;;4941
18/09/2015;28,06;;189;;263;94;;133;122;160;134;;130;208;270;262;139;236;202;23;170;208;41;66;194;;434;168;94;123;141;164;53;39;72;202;7;8;9;5;166;78;;;176;169;;180;;;;;;;;;;;;;;;;;;;;;;;;5532
19/09/2015;28;;67;;83;41;;41;71;57;52;;57;80;130;86;83;91;91;13;55;67;24;29;450;;2371;207;263;251;292;280;37;33;44;75;;;;;26;22;;;27;18;;21;;;;;;;;;;;;;;;;;;;;;;;;5635
21/09/2015;24,72;;106;;173;62;;88;140;112;104;;102;143;201;150;125;162;139;25;114;135;27;78;496;;938;376;172;159;172;186;84;95;102;163;3;9;9;7;247;53;;;227;216;;328;;;;;;;;;;;;;;;;;;;;;;;;6228
22/09/2015;25,7;;157;;271;110;;174;132;141;175;;169;233;282;260;269;297;224;21;165;234;63;146;604;;1323;574;512;431;379;507;217;203;269;239;11;34;22;23;113;72;;;80;75;;109;;;;;;;;;;;;;;;;;;;;;;;;9320
23/09/2015;26,14;;114;;182;53;;111;74;120;136;;105;170;222;200;146;207;189;24;132;182;33;73;798;;1333;738;518;528;577;578;386;413;468;161;5;11;15;7;97;127;;;121;126;;101;;;;;;;;;;;;;;;;;;;;;;;;9581
24/09/2015;28,3;;262;;456;170;;174;295;392;329;;421;454;658;392;447;607;308;175;299;401;216;205;679;;1793;626;492;509;542;501;350;395;434;507;4;2;6;4;69;41;;;87;89;;85;;;;;;;;;;;;;;;;;;;;;;;;13876
25/09/2015;23,24;;307;;507;168;;168;252;335;304;;308;355;393;359;390;478;348;100;370;356;162;229;1090;;1696;858;632;561;720;688;332;364;455;393;48;92;69;68;39;52;;;55;47;;29;;;;;;;;;;;;;;;;;;;;;;;;14177
26/09/2015;20,58;;81;;326;17;;20;319;306;30;;40;349;331;330;354;409;46;5;164;186;8;21;950;;1685;855;701;545;606;708;385;432;436;67;27;28;33;26;129;111;;;201;140;;179;;;;;;;;;;;;;;;;;;;;;;;;11586
28/09/2015;21,22;;195;;310;116;;78;123;203;192;;237;280;340;311;307;433;270;36;200;278;58;180;625;;1081;576;475;476;470;412;293;282;361;355;;;;;64;90;;;168;211;;79;;;;;;;;;;;;;;;;;;;;;;;;10165
29/09/2015;21,8;;267;;377;134;;111;271;264;305;;305;167;235;182;198;271;177;160;131;179;196;167;714;;1196;849;452;425;502;416;381;383;440;395;35;47;55;49;30;53;;;179;93;;142;;;;;;;;;;;;;;;;;;;;;;;;10933
30/09/2015;21,52;;223;;336;174;;209;140;242;216;;222;288;385;346;340;408;297;38;224;340;85;159;1416;;3275;820;1746;1337;1102;741;292;293;399;354;15;16;16;17;56;43;;;132;125;;127;;;;;;;;;;;;;;;;;;;;;;;;16994
01/10/2015;20,96;;89;;95;63;;98;59;120;99;;96;137;214;161;125;210;159;21;90;126;72;87;646;;879;521;296;418;372;474;195;218;297;140;26;30;40;30;33;95;;;63;54;;35;;;;;;;;;;;;;;;;;;;;;;;;6983
02/10/2015;24,74;;168;;186;85;;161;93;188;175;;133;243;320;285;179;278;263;37;188;251;58;106;624;;991;433;502;463;575;416;260;281;387;274;10;10;12;9;100;88;;;94;98;;76;;;;;2;2;2;2;;;;;;;;;;;;;;;;9108
03/10/2015;20,28;;159;;191;83;;132;100;173;149;;129;237;283;221;209;287;220;35;144;212;59;102;205;;430;223;134;142;147;137;65;79;99;240;;;;;43;29;;;48;38;;35;;;;;;;;;;;;;;;;;;;;;;;;5219
05/10/2015;17,36;;98;;137;52;;1;108;92;81;;90;107;160;147;138;166;140;11;89;126;28;56;354;;645;319;225;226;278;302;187;198;199;153;10;15;16;9;52;53;;;84;86;;83;;;;;;;;;;;;;;;;;;;;;;;;5321
06/10/2015;18,26;;116;;115;74;;4;33;111;119;;88;167;192;175;105;151;155;20;110;149;35;73;368;;923;468;210;235;388;380;181;223;236;133;4;13;7;6;72;67;;;62;64;;63;;;;;;;;;;;;;;;;;;;;;;;;6095
07/10/2015;24,5;;185;;176;118;;1;124;201;204;;134;304;380;294;160;228;307;45;216;249;64;110;281;;484;238;162;188;210;228;104;148;166;211;13;16;19;20;72;105;;;113;122;;155;;;;;10;10;10;10;;;;;;;;;;;;;;;;6595
08/10/2015;26,56;;118;;113;70;;;130;132;123;;100;179;245;191;120;183;175;20;146;172;51;67;387;;614;276;215;200;236;282;154;190;188;183;51;67;59;61;53;52;;;62;37;;45;;;;;2;3;3;2;207;232;266;247;;;;;;;;;;;;6709
09/10/2015;24,52;;141;;130;71;;;152;144;213;;95;169;299;217;130;195;179;17;140;196;56;75;494;;806;380;271;264;347;459;202;246;266;205;6;8;8;6;60;63;;;74;81;;69;;;;;;;;;317;301;317;318;;;;;;;;;;;;8187
10/10/2015;23,06;;145;;115;51;;;69;113;156;;90;153;212;196;115;164;305;22;197;195;49;58;209;;367;218;139;129;144;173;89;90;131;140;5;8;8;8;20;18;;;39;44;;31;;;;;2;2;2;2;212;180;204;198;;;;;;;;;;;;5217
12/10/2015;22,76;;80;;69;33;;;43;58;67;;49;84;124;116;75;99;87;9;71;83;14;41;257;;510;218;317;164;257;196;112;120;137;101;9;7;8;8;32;34;;;39;19;;26;;;;;3;3;3;3;163;139;151;147;;;;;;;;;;;;4385
14/10/2015;23,62;;92;;97;48;;1;34;88;93;;65;134;201;193;110;159;181;13;114;124;19;60;424;;811;321;237;282;467;310;319;232;275;151;25;27;26;24;41;60;;;67;61;;28;;;;;9;9;9;9;184;199;209;203;;;;;;;;;;;;6845
15/10/2015;28,12;;90;;81;42;;;46;72;87;;73;108;142;116;83;94;102;24;79;127;27;54;564;;938;532;358;385;519;458;311;370;394;92;69;89;76;83;66;104;;;102;125;;43;;;;;11;10;11;9;125;109;120;122;;;;;;;;;;;;7642
16/10/2015;26,24;2;275;;360;150;;2;145;304;394;;219;459;598;427;382;480;500;83;238;327;81;176;653;;1459;585;430;411;509;489;298;319;401;482;23;40;43;26;59;59;;;62;48;;38;;;;;16;14;15;12;287;216;250;201;;;;;;;;;;;;13047
17/10/2015;21,22;;95;;145;72;;;105;133;156;;107;202;241;219;132;203;203;23;120;178;36;78;408;;833;406;290;303;387;327;218;224;273;170;28;24;37;33;37;47;;;36;51;;28;;;;;6;11;11;8;95;69;138;61;;;;;;;;;;;;7007
19/10/2015;19,86;;121;;200;61;;;82;148;129;;108;173;253;195;151;230;220;22;149;188;29;83;346;;753;328;252;216;262;319;191;164;179;196;;;;;22;30;;;47;25;;23;;;;;;;;;166;152;209;131;;;;;;;;;;;;6553
20/10/2015;26,3;20;218;;157;37;;;82;152;152;;137;207;275;251;182;293;260;31;167;196;52;96;478;;1029;405;351;306;389;292;406;252;302;284;8;19;11;17;53;71;;;73;67;;51;;;;;4;3;3;2;67;48;189;20;;;;;;;;;;;;8165
21/10/2015;24,62;;213;;309;51;;;140;234;261;;199;366;477;352;319;437;364;41;237;326;70;136;392;;843;441;358;279;327;343;132;149;187;375;36;41;42;36;51;61;;;60;51;;39;;;;;14;14;11;8;180;145;256;33;;;;;;;;;;;;9436
22/10/2015;19,9;1;149;;213;45;;;67;192;178;;143;221;317;285;196;274;251;35;184;253;38;89;597;;1027;435;437;429;468;391;251;270;302;257;20;34;32;28;89;96;;;103;93;;52;;;;;5;6;6;5;156;128;176;3;;;;;;;;;;;;9027
23/10/2015;20,5;;248;;237;50;;;110;205;206;;189;292;406;389;238;340;316;29;231;300;49;144;458;;1279;395;413;252;358;291;149;128;245;316;13;23;22;24;30;28;;;27;21;1;24;;;;1;20;21;19;11;208;143;245;1;;;;;;;;;;;;9145
24/10/2015;17,94;;381;;381;23;;;38;363;376;;209;397;674;395;235;260;396;13;348;370;24;205;533;;834;462;401;429;524;242;175;163;297;417;33;34;34;32;182;289;;;194;181;;168;;;;;3;3;3;2;58;469;479;439;;;;;;;;;;;;12168
26/10/2015;20,86;;148;;209;48;;;130;140;135;;108;174;259;201;142;216;199;20;135;200;34;86;458;;679;311;282;288;304;307;144;166;187;213;28;23;29;27;16;20;1;1;13;5;1;8;;;;1;2;4;2;3;95;104;147;55;;;;;;;;;;;;6508
27/10/2015;22;;117;;123;76;;;47;129;133;;92;177;235;213;126;172;181;17;144;175;23;67;465;;663;367;287;338;344;301;176;213;286;165;17;22;30;25;48;54;3;3;72;78;3;62;;;;3;6;7;5;4;3;123;133;136;;;;;;;;;;;;6689
28/10/2015;20,42;;145;;220;134;;;60;210;174;;130;234;346;303;156;223;284;20;193;189;41;81;1048;;1743;177;187;568;173;148;94;103;116;232;32;37;31;27;23;28;;;25;21;;20;;;;;5;6;6;5;2;115;140;135;;;;;;;;;;;;8390
29/10/2015;20,56;;169;;209;108;;;67;205;167;;153;239;359;290;176;239;274;19;178;161;36;79;628;;1196;617;302;347;381;283;122;123;203;247;37;43;43;42;37;33;;;26;25;;19;;;;2;11;11;10;10;3;109;133;145;;;;;;;;;;;;8316
30/10/2015;23,86;;136;;185;94;;;85;167;139;;96;192;297;261;116;173;241;26;152;192;37;74;258;;492;272;324;172;241;235;82;81;120;189;9;9;13;13;82;64;;;79;85;;77;;;;;10;11;15;10;;108;131;153;;;;;;;;;;;;5998
31/10/2015;23,18;;58;;101;33;;;35;103;67;;51;92;146;120;71;85;107;5;65;71;19;25;294;;661;178;295;377;184;136;150;157;234;82;19;17;19;19;40;44;;;49;45;;43;;;;;18;17;18;17;;50;73;62;;;;;;;;;;;;4552
01/03/2016;18,52;;68;;77;39;;63;41;79;65;;47;88;115;89;65;88;91;8;67;88;18;40;316;;566;223;221;171;235;104;139;170;182;102;19;45;34;25;41;65;;1;26;25;4;27;;;;1;7;27;34;18;25;53;46;48;30;38;106;7;14;70;3;1;22;;;4527
02/03/2016;20,56;;136;;146;72;;111;60;141;119;;96;158;233;237;116;166;189;11;143;181;48;58;325;;670;224;224;187;235;161;157;171;214;175;10;28;34;25;59;47;;;28;33;;32;;;;;2;46;44;15;48;64;79;70;28;32;19;5;3;52;1;;32;;;6000
03/03/2016;21,46;;89;;94;49;;83;32;98;89;;64;115;163;124;80;112;111;8;83;137;29;42;313;;548;258;211;165;296;148;145;168;208;117;37;65;70;51;31;36;1;;46;16;1;16;;;;1;12;36;35;18;43;61;89;62;26;35;46;11;5;70;;;18;;;5117
04/03/2016;23,32;;101;;151;77;;121;77;155;118;;75;163;251;217;128;191;178;24;126;173;42;56;437;;983;291;376;310;373;214;172;152;217;163;34;51;59;38;48;62;;;55;41;;33;;;;;1;31;38;18;62;70;99;59;31;37;53;10;2;39;;;32;;;7115
05/03/2016;23,2;;60;;74;31;;43;33;42;49;;34;63;111;96;51;90;65;21;50;57;22;25;188;;327;149;123;113;169;95;106;128;184;90;8;39;40;23;38;16;;;32;32;1;18;;;;;;21;24;13;27;15;36;26;23;31;7;;;22;;;23;;;3204
07/03/2016;23,42;;55;;54;36;;54;63;78;59;;37;72;113;103;47;60;94;4;72;84;14;18;233;;556;121;179;107;120;94;57;100;110;76;18;23;28;13;37;29;;;56;17;;15;;;;;;19;18;5;36;31;45;40;13;19;16;6;3;14;;;13;;;3384
08/03/2016;24,1;;140;;139;68;;120;50;107;121;;96;154;209;196;119;171;170;10;124;179;28;48;413;;993;285;344;256;316;167;164;192;255;156;15;44;49;26;34;50;1;;29;27;;20;;;;1;10;24;30;7;37;68;75;59;25;30;128;8;5;36;1;1;17;;;6647
09/03/2016;25,52;;193;;223;111;;155;92;203;183;;104;216;328;276;167;235;277;31;179;234;49;83;296;;585;239;192;167;256;211;136;135;178;245;36;74;70;56;55;79;1;;52;49;;40;;;;1;25;32;47;9;71;79;122;91;50;47;30;1;1;46;;;23;;;7166
10/03/2016;22,22;;128;;142;79;;122;81;153;127;;110;189;246;217;132;200;200;20;159;190;46;81;416;;1200;331;539;333;346;193;199;202;282;186;30;54;85;53;31;43;4;;50;39;;16;;;;;14;26;33;6;64;65;101;74;43;57;24;5;1;39;;1;28;;;7835
11/03/2016;23,44;;240;;213;112;;163;105;218;190;;120;230;338;274;183;269;222;39;184;226;62;78;312;;916;269;339;219;267;161;136;143;199;255;7;33;45;17;28;31;;;30;36;;18;;;;;21;25;50;10;76;81;120;85;20;25;43;12;3;52;;;35;;;7585
12/03/2016;21,82;;67;;167;40;;83;88;71;73;;88;191;173;116;111;155;150;9;120;124;37;49;284;;555;259;178;201;261;138;127;152;221;155;30;33;40;30;38;32;;;32;32;;27;;;;;19;8;30;7;39;50;87;37;47;40;15;;;38;;;33;;;5187
14/03/2016;21,96;;77;;85;48;;60;41;82;75;;55;94;153;126;65;105;114;7;69;117;12;41;168;;773;118;251;127;149;93;64;51;88;111;10;19;20;12;25;13;;;37;32;1;21;;;;1;8;6;20;6;36;41;64;39;5;5;108;2;2;15;;;16;;;3983
15/03/2016;23,08;;89;;120;63;;87;54;101;101;;61;132;179;152;75;127;126;14;106;131;30;57;447;;765;331;356;346;339;246;249;203;276;124;28;39;49;20;55;64;1;;27;33;1;14;;;;;41;27;38;18;48;73;87;75;38;51;143;5;10;42;3;3;35;;;6555
16/03/2016;22,3;;210;;145;97;;134;61;151;163;;120;198;251;269;128;216;204;27;146;186;32;68;309;;530;217;190;223;276;126;137;143;226;181;21;54;50;27;43;56;;;32;35;;21;;;;;30;30;45;17;62;67;121;85;47;51;9;3;3;38;;;29;;;6340
17/03/2016;22,88;;102;;149;76;;101;76;120;120;;75;158;198;154;91;140;146;15;111;156;34;60;453;;511;195;189;267;253;233;170;145;238;140;40;86;84;63;74;83;1;;55;41;1;25;;;;1;35;56;60;26;54;71;117;78;61;33;19;1;;41;;1;41;;;6124
18/03/2016;23,58;;173;;196;103;;134;102;182;157;;88;200;299;243;149;226;222;21;162;204;53;80;470;;821;306;249;256;275;222;143;190;248;172;25;44;50;25;60;60;;;50;32;;36;;;;;25;29;48;13;90;59;128;81;31;25;29;6;2;37;;;32;;;7363
19/03/2016;23,6;;102;;151;53;;53;33;95;118;;52;129;130;140;114;170;145;12;131;153;43;46;287;;403;219;184;197;192;127;130;83;178;109;13;31;22;19;50;66;;;42;35;;31;;;;;19;13;21;11;22;48;71;55;15;13;6;1;;22;;;12;;;4617
21/03/2016;24,92;;69;;65;28;;53;71;55;56;;31;68;101;72;57;74;82;7;56;87;9;26;223;;412;202;84;170;83;136;27;38;136;68;6;10;14;13;30;16;;;18;11;;11;;;;;3;9;9;2;26;27;38;29;4;9;;1;1;5;;;6;;;2944
22/03/2016;24,96;;195;;172;96;;143;114;212;180;;102;229;313;272;180;233;235;27;134;217;52;84;318;;645;300;202;223;278;249;157;177;240;215;20;44;64;33;59;63;2;;67;37;1;42;1;;;;33;46;53;25;83;96;150;109;20;25;164;10;10;53;2;;35;;;7541
23/03/2016;23,14;;291;;382;133;;264;165;345;268;;202;368;513;382;248;272;383;40;291;329;65;100;486;;963;318;283;263;362;227;180;199;298;365;20;47;83;38;81;83;;;81;62;2;45;;;;;18;30;40;19;98;146;224;186;32;25;33;22;5;36;;1;20;;;10462
24/03/2016;21,64;;129;;132;60;;99;71;108;104;;74;141;199;201;133;141;164;13;105;137;28;43;632;;1041;449;423;395;433;257;204;250;314;151;17;35;40;31;104;76;3;;97;72;;73;;;;1;24;23;32;6;58;61;85;71;18;16;27;11;10;24;;;18;;;7664
25/03/2016;22,68;;;;;;;;;;;;;;;;;;;;;;;;10;;50;20;10;20;10;10;10;10;10;;;;;;1;1;;;1;1;;1;;;;;;;;;;;;;;;;;;;;;;;;165
26/03/2016;24,4;;61;;83;26;;48;51;71;62;;36;89;131;100;65;83;97;9;74;100;18;23;418;;716;333;227;247;268;204;180;212;290;88;35;45;56;33;64;58;1;;61;41;;43;;;;;19;24;28;16;30;26;43;42;24;21;12;3;3;18;;1;22;;;5179
28/03/2016;25,2;;154;;136;70;;101;67;121;106;;85;161;210;190;120;179;180;13;128;147;14;58;357;;685;274;197;271;227;183;131;117;204;173;14;20;17;18;31;35;;;40;28;;26;1;;;;10;16;16;6;33;58;86;62;19;16;15;3;3;15;;;17;;;5664
29/03/2016;24,44;;110;;144;73;;86;52;110;114;;79;134;208;180;104;137;165;15;103;145;23;56;466;;996;337;419;305;300;237;150;153;231;149;26;46;58;29;53;46;2;;36;33;3;26;5;;;3;28;41;50;23;45;62;96;72;24;35;78;8;4;43;1;1;36;;;6794
30/03/2016;24,12;;118;;205;76;;91;95;119;110;;95;206;284;185;123;202;223;20;142;161;63;78;545;;899;419;339;344;360;290;227;183;322;234;15;46;49;32;45;55;;;52;47;;33;;;;;12;21;26;9;65;71;130;117;29;28;15;7;5;28;;;24;;;7719
31/03/2016;24,66;;567;;678;349;;1139;78;96;415;;386;724;178;548;570;775;426;19;627;668;29;59;633;;3990;1265;1110;1032;1939;2457;2442;625;1444;613;16;245;162;24;139;164;;;245;34;;24;15;;;30;79;12;38;73;36;39;187;56;134;132;294;14;8;29;;;87;;;28197
01/04/2016;24,08;;383;;425;202;;272;206;350;290;;390;507;450;427;418;437;406;15;364;394;23;63;442;;1468;539;686;553;829;893;339;363;375;426;4;14;11;4;127;15;;;126;19;;132;;;;15;14;16;22;8;252;42;283;271;9;8;132;1;;24;;;18;;;14502
02/04/2016;22,64;;63;;99;35;;68;32;48;82;;50;117;124;100;67;91;95;7;72;96;12;38;471;;745;342;402;385;383;229;190;286;293;91;42;65;51;37;31;28;;;25;24;;21;;;;;15;17;20;7;33;31;58;32;36;36;22;1;1;19;;;17;;;5782
04/04/2016;23,54;;147;;106;61;;74;87;98;83;;79;114;184;140;88;176;125;7;92;137;20;58;126;;1086;499;417;371;748;591;297;180;312;158;7;20;22;12;11;7;1;;9;8;1;6;;;;1;13;16;24;8;34;47;61;42;19;20;10;2;;35;;;20;;;7117
05/04/2016;22,94;;127;;145;84;;124;50;115;99;;90;153;200;162;110;187;173;14;107;153;25;72;275;;352;187;128;228;155;202;108;111;123;191;45;53;65;55;42;39;;;34;29;;23;;;;;13;21;26;8;43;72;103;66;42;41;32;5;3;21;;;9;;;5140
06/04/2016;24,46;;194;;203;110;;123;83;143;166;;116;223;321;228;161;290;243;24;159;227;36;85;388;;732;250;198;236;282;239;180;165;255;249;10;26;28;13;57;45;;;35;30;;24;1;;;1;15;21;39;8;56;79;117;85;22;25;139;11;5;26;2;;23;;;7252
07/04/2016;25,18;;141;;167;99;;105;88;140;143;;107;196;231;194;152;197;188;17;141;175;34;68;348;;661;255;181;213;247;251;162;198;194;200;40;65;58;49;52;36;1;;27;14;1;12;;;;1;15;27;37;9;57;54;107;80;29;22;27;13;4;30;;;23;;;6383
08/04/2016;24,94;;238;;298;138;;199;138;245;219;;161;310;433;291;245;357;285;44;228;286;60;134;392;;780;357;242;216;276;258;150;156;220;181;27;50;77;43;66;47;;;47;39;1;30;;;;;22;45;60;12;88;88;158;143;27;40;26;10;2;49;;1;38;;;8773
09/04/2016;25,34;;78;;64;25;;24;26;23;47;;27;47;107;64;79;54;64;1;21;43;23;1;176;;348;111;115;97;149;87;75;75;132;76;12;32;46;27;33;31;;;23;25;1;21;;;;1;5;4;8;4;1;8;53;20;17;19;5;;;12;;1;9;;;2677
11/04/2016;24,12;;121;;173;78;;106;104;120;110;;116;175;229;172;139;219;161;13;126;182;25;77;291;;566;266;180;180;192;163;87;96;153;87;13;25;29;15;34;28;1;;20;16;;8;;;;;12;27;36;9;60;58;82;69;12;19;11;5;3;26;;;12;;;5337
12/04/2016;24,24;;186;;169;106;;129;58;155;163;;148;12;266;229;190;275;222;9;136;203;28;89;462;;910;348;309;312;338;269;180;259;316;15;32;58;59;39;143;132;3;;135;111;;81;;;;;34;36;59;18;66;91;127;103;36;41;139;4;3;59;;1;44;;;8145
13/04/2016;24,86;;195;;286;119;;193;99;156;180;;172;239;377;300;234;356;280;28;188;270;53;131;360;;950;361;230;233;250;220;15;193;250;4;16;28;35;24;45;45;;;42;36;1;27;;;;1;30;45;48;17;95;95;138;124;23;36;47;15;6;41;;;37;;;8019
14/04/2016;25,9;;16;;16;6;;16;8;10;20;;18;1;23;27;19;26;23;2;18;19;6;5;776;;971;627;573;433;632;288;93;523;627;5;25;55;49;28;244;231;3;;214;202;;155;;;;;27;49;41;25;6;64;55;36;26;15;2;1;7;40;;;40;;;7467
15/04/2016;25,92;;221;;280;116;;224;140;176;284;;203;14;372;297;232;372;270;55;223;304;95;148;817;;2071;731;409;453;525;407;12;360;515;219;36;58;65;49;203;187;;;175;167;;151;;;;;32;37;50;17;67;187;325;90;56;45;21;13;1;57;;;39;;;12673
16/04/2016;25,52;;89;;144;70;;123;70;94;128;;89;;165;144;113;153;135;21;110;128;35;52;404;;700;321;359;260;317;224;29;238;306;118;6;21;30;13;210;184;1;;170;166;1;152;;;;1;20;25;25;15;41;64;81;66;18;16;16;4;1;28;;;23;;;6537
18/04/2016;25,76;;223;;255;113;;211;187;178;216;;174;;337;276;245;326;286;57;182;254;88;153;435;;1064;319;327;278;304;206;1;182;229;226;10;18;33;11;61;36;;;61;52;;31;;;;;10;20;31;5;102;115;163;135;6;7;17;11;5;29;;;27;;;8328
19/04/2016;26,3;;139;;180;71;;66;22;138;143;;108;;204;163;158;148;153;5;119;165;67;54;174;;1170;506;431;423;518;321;9;284;302;217;18;39;37;31;109;119;;;111;82;;59;;;;;19;32;39;14;46;61;92;82;23;18;40;4;2;30;;1;24;;;7590
20/04/2016;25,9;;411;;506;211;;198;147;244;353;;277;1;690;543;486;578;363;17;375;494;140;223;2;;1041;498;339;355;337;330;;228;35;634;22;27;42;17;34;45;2;;35;34;2;19;;;;3;35;43;53;22;152;125;228;243;21;19;219;26;20;63;2;1;41;;;11651
21/04/2016;25,34;;135;;182;78;;33;34;26;161;;129;;276;222;284;349;85;;141;203;91;86;;;845;306;270;251;316;276;;220;2;249;3;8;9;3;6;7;;;8;4;;3;;;;;19;33;6;8;46;82;95;69;10;;32;19;13;42;;;20;;;5795
22/04/2016;24,66;;154;;164;102;;66;78;113;197;;120;5;341;221;208;393;95;;138;168;81;85;21;;1410;595;687;594;672;412;;477;117;268;28;27;39;27;77;70;;;81;64;1;54;;;;;21;34;13;12;63;69;115;72;29;17;23;6;3;30;;;28;;;8985
23/04/2016;25,8;;51;;122;9;;79;52;2;92;;77;139;110;86;103;115;89;1;61;50;29;40;932;;1475;816;685;692;798;491;1;629;45;132;21;40;48;32;162;160;;;156;154;;145;;;;;12;27;25;10;9;81;34;113;37;22;;;;23;;;33;;;9347
25/04/2016;25,9;;167;;186;94;;74;85;2;141;;140;57;295;230;174;265;158;;167;205;44;118;437;;1064;502;359;342;353;302;;261;22;295;10;34;23;25;90;66;;;52;53;;29;;;;;18;29;33;10;71;71;113;86;16;2;18;6;;33;;;34;;;7461
26/04/2016;22,14;;172;;195;107;;151;77;;182;;149;286;303;253;205;282;257;;158;242;36;117;681;;901;156;388;403;469;353;;366;5;280;5;21;29;15;71;80;;;47;53;1;36;;;;;20;38;2;15;85;87;128;97;16;;84;13;8;3;;1;28;;;8157
27/04/2016;17,18;;206;;215;99;;149;122;109;146;;134;256;206;298;254;362;277;;147;179;36;109;820;;1317;508;544;287;459;356;;210;8;296;31;61;74;54;77;55;;;57;60;;32;;;;;40;51;;26;120;82;175;74;28;1;37;12;6;7;;;38;;;9307
28/04/2016;15,36;;116;;126;58;;110;60;108;101;;79;206;161;146;103;156;167;;97;140;24;54;879;;1157;613;553;161;611;399;;214;;166;60;119;123;83;70;82;1;;70;67;1;56;1;;;2;44;68;3;32;55;78;94;74;50;2;33;8;5;12;;;41;;;8099
29/04/2016;14,44;;154;;244;81;;148;93;57;126;;109;275;256;197;138;187;217;;119;193;31;83;263;;1589;640;343;298;418;650;;165;;192;28;47;52;35;76;40;;;40;28;;30;;;;;27;43;;18;66;61;130;89;34;1;50;18;2;1;1;;34;2;;8219
30/04/2016;16,34;;17;;14;3;;5;16;;11;;6;12;11;8;6;25;10;;9;10;3;5;377;;531;286;230;219;268;224;;190;;13;18;34;36;29;41;46;;;41;34;2;28;;;;;8;17;;10;5;18;16;15;15;;;;;1;1;;12;1;;2937
01/05/2016;14,6;;;;;;;;;;;;;;;;;;;;;;;;1;;1;1;;1;;1;;;;;;1;1;;1;1;;;;;;;;;;;;;;;;;;;;;;;;;;;;;;9
02/05/2016;16,28;;42;;48;18;;39;55;1;43;;30;59;70;51;32;48;68;;45;57;7;19;65;;91;99;36;16;40;22;;20;;42;3;4;4;3;6;3;;;5;3;;1;;;;;1;5;1;4;12;19;32;24;2;1;4;;;1;;;1;;;1302
03/05/2016;18,3;;53;;63;24;;70;22;;61;;26;102;91;87;48;77;95;;55;84;10;31;166;;243;111;79;92;114;86;;67;1;65;8;21;7;13;5;11;;;8;6;;3;;;;;11;23;;7;12;27;37;28;10;;187;8;6;;1;1;10;2;;2475
04/05/2016;18,76;;84;;98;65;;83;66;79;70;;39;126;180;124;63;98;128;;96;106;25;33;86;;209;94;49;51;46;73;;25;1;58;5;4;8;3;3;11;2;;8;11;;8;;;;;15;21;;6;43;41;54;49;3;2;68;7;1;2;;;14;;;2644
05/05/2016;19,08;;74;;76;;;65;45;87;62;;37;110;121;112;66;77;98;;64;75;15;41;175;;296;131;88;109;115;115;;116;;2;27;43;33;27;21;18;1;;16;8;;7;1;;;1;14;19;;5;28;29;35;27;33;27;25;1;8;;1;1;14;8;;2850
06/05/2016;19,94;;100;;116;46;;86;55;117;83;;42;166;161;112;76;96;142;;91;126;20;26;242;;492;219;130;150;152;180;1;58;1;;13;19;12;14;17;17;1;;21;15;2;12;;;;;12;31;29;8;38;52;62;48;21;174;10;3;;20;;;23;16;;3976
07/05/2016;19,64;;1;;64;4;;26;25;106;25;;26;1;46;25;1;52;45;;23;42;24;27;215;;276;124;111;142;128;72;;92;;;28;25;19;12;24;13;;;11;13;;3;;;;;3;4;;2;48;;;;15;17;;;;1;;;2;1;;1964
09/05/2016;20,56;;72;;71;2;;78;62;108;71;;48;8;113;91;69;90;89;;75;92;17;39;204;;328;137;105;133;109;82;;80;;;16;27;25;16;22;17;;;15;15;;10;;;;;5;13;18;3;29;25;55;28;6;14;13;1;;9;;;11;7;;2773
10/05/2016;20,14;;65;;76;;;73;32;111;82;;42;;122;93;53;73;112;;67;103;17;35;352;;479;135;175;190;168;135;;70;;47;18;27;32;24;61;57;;;17;18;;7;1;;;;7;21;27;6;29;39;45;35;10;21;156;4;2;19;;;9;14;;3613
11/05/2016;19,28;;114;;147;41;;100;59;191;107;;55;;224;150;74;99;170;;114;166;39;44;409;;471;186;192;155;205;175;;86;;111;11;17;28;11;37;25;;;33;25;;12;1;1;4;1;4;19;32;1;45;54;76;56;12;20;36;8;3;32;;;16;33;;4537
12/05/2016;18,1;;79;;91;49;;95;64;135;79;;49;;165;138;84;126;119;;79;107;18;35;257;;461;198;122;166;173;170;;86;;96;10;12;17;8;9;15;;;29;13;1;12;;;;;19;16;33;9;60;38;68;50;9;9;19;5;5;28;;;21;25;;3781
13/05/2016;17,38;;99;;131;62;;101;51;153;111;;61;114;200;139;79;97;160;;106;142;30;36;562;;915;294;240;298;250;279;;144;;106;26;25;38;15;59;39;;;33;31;;24;;;1;;10;25;52;10;39;41;65;65;12;19;24;2;4;35;;;25;75;;5754
14/05/2016;17,8;;47;;23;8;;10;5;11;10;;9;14;8;20;14;37;22;;7;9;3;3;339;;408;206;188;205;216;153;;129;;28;28;53;39;26;19;29;;;22;21;;11;;;;;16;27;37;11;;28;21;12;43;47;;;;19;;;22;1;;2664
16/05/2016;21,56;;64;;98;36;;55;59;103;68;;34;99;129;87;41;51;103;;63;86;18;25;220;;441;198;127;140;155;136;;118;;103;10;19;16;14;34;36;;;29;30;;12;;;;;3;8;20;3;20;23;40;33;14;18;8;3;1;22;;;9;24;;3306
17/05/2016;17,98;;59;;65;44;;77;35;112;68;;36;122;26;86;32;54;107;;64;90;7;22;142;;275;101;60;84;107;123;;83;;74;20;26;25;13;17;41;;;20;15;;12;;3;3;;12;28;41;14;26;32;49;31;12;12;117;3;5;38;;;21;31;;2822
18/05/2016;15,72;;57;;84;35;;55;47;90;71;;31;108;2;100;37;51;105;;74;85;32;23;192;;296;183;97;127;170;155;;114;;85;10;20;30;19;42;44;;;41;46;;22;;;;;7;20;34;5;17;32;46;28;14;19;47;3;6;17;;;14;26;;3115
19/05/2016;14,92;;36;;33;41;;23;15;37;50;;20;70;46;47;26;38;41;;46;36;7;19;267;;348;182;140;141;172;160;;131;;54;19;22;35;16;20;54;;;24;16;;15;;;4;;10;19;32;14;10;36;45;24;21;25;12;3;3;25;;;12;24;;2766
20/05/2016;18,36;;85;;101;57;;70;43;133;86;;40;146;114;124;39;53;94;;84;95;18;30;217;;329;134;128;113;198;136;;87;;108;14;31;32;12;21;15;;;33;15;;15;;;;;7;19;36;4;18;34;47;49;13;17;61;7;2;21;1;;12;33;;3431
21/05/2016;17,62;;71;;1;;;1;;;1;;;1;;13;1;21;13;;1;1;1;;44;;55;33;34;28;40;24;;34;;20;17;19;16;5;8;4;;;8;11;;6;;;;;10;9;11;7;;11;12;10;11;8;;;;10;;;8;;;639
23/05/2016;14,48;;52;;59;37;;49;45;63;47;;15;81;84;59;28;41;59;;49;68;11;11;138;;264;106;65;75;78;103;;65;;68;8;19;7;4;7;6;;;8;5;;8;;;;;8;13;17;8;18;21;37;28;6;11;4;2;1;13;;;13;28;;2120
24/05/2016;13,6;;47;;73;37;;63;24;65;60;;21;111;29;86;27;38;88;;65;77;17;17;187;;318;110;142;99;87;132;;79;;69;24;64;39;34;24;1;;;18;16;3;9;4;5;4;4;34;37;53;25;19;55;71;56;27;35;107;3;;44;;;40;20;;3043
25/05/2016;16,18;;61;;96;38;;77;51;84;70;;29;150;3;140;36;52;142;;75;95;22;15;144;;267;105;75;81;119;115;;72;;76;16;26;37;20;30;5;;;27;10;;12;2;;1;2;12;29;33;10;32;35;49;36;20;20;41;4;;29;;;19;16;;2863
27/05/2016;17,1;;65;;83;46;;59;55;72;53;;24;111;111;102;40;52;113;;66;82;18;15;200;;307;126;111;69;121;58;;77;;68;7;20;14;8;21;16;;;14;15;;10;;;;;7;20;33;5;23;30;41;37;7;14;20;2;1;21;;;12;25;2;2729
28/05/2016;18,08;;34;;51;31;;30;30;8;29;;4;81;118;49;28;3;54;;7;33;3;3;80;;95;53;27;44;53;20;;40;;82;6;24;5;1;3;2;;;1;2;;;;;;;6;6;11;5;5;15;12;9;7;6;13;;;11;;;4;16;30;1290
30/05/2016;17,2;;48;;63;30;;45;64;61;48;;12;96;76;74;23;36;92;;46;62;11;15;103;;171;83;39;53;68;76;;54;;69;8;27;14;3;10;22;;;17;12;;5;;;;;17;26;23;11;18;25;50;35;12;16;10;1;1;14;;;16;9;14;2034
31/05/2016;19,6;;32;;741;39;;365;29;50;66;;317;253;535;205;26;343;78;;46;188;173;11;481;;1111;293;116;124;442;514;;76;;343;12;16;23;9;16;21;;;16;9;;224;;;;;49;52;18;8;21;27;34;31;7;8;233;5;3;16;;13;13;19;291;8191
01/06/2016;20,58;;41;;54;31;;47;30;59;49;;26;77;124;64;27;33;70;;37;60;18;17;44;;77;251;19;20;36;69;;25;;59;;6;9;1;10;17;;;18;12;;6;1;1;1;1;3;14;15;4;31;30;42;29;2;7;42;15;3;12;1;;11;5;11;1824
02/06/2016;18,04;;63;;73;35;;41;34;59;57;;28;84;104;71;28;41;74;;39;62;19;12;73;;125;72;58;48;72;61;;45;;59;14;17;28;7;17;19;;;17;13;;9;2;3;2;2;5;13;11;4;16;16;29;23;12;12;27;4;9;11;;1;13;3;14;1910
03/06/2016;17,3;;65;;84;42;;68;37;85;65;;32;109;188;109;56;62;98;;73;76;16;26;78;;177;56;56;63;56;85;;17;;79;12;22;18;17;23;23;;;18;17;;17;;1;;;9;21;21;8;29;29;47;44;6;6;24;12;8;18;1;1;15;13;27;2465
04/06/2016;17,22;;7;;20;5;;15;11;14;15;;6;21;29;20;7;11;14;;15;15;2;3;46;;45;27;23;22;28;34;;10;;10;1;6;3;2;3;5;;;4;5;;3;;;;;2;2;4;;4;4;10;8;3;4;;;;7;;;3;;4;562
06/06/2016;19,5;;37;;39;32;;38;45;33;36;;17;51;81;57;17;32;68;;33;36;9;12;20;;81;25;19;14;20;26;;5;;43;;3;4;1;5;4;;;7;4;;1;;;;;;12;9;1;23;14;15;21;;1;30;3;3;9;;;10;4;11;1121
07/06/2016;14,16;;27;;49;29;;46;25;47;63;;11;78;123;50;15;33;74;;34;58;9;11;127;;263;142;92;92;111;84;;64;;43;13;21;17;12;10;12;;;8;11;;7;;1;;;11;11;9;8;18;25;31;28;12;12;94;7;5;15;;;20;12;29;2259
08/06/2016;14,4;;51;;56;46;;39;29;60;45;;17;77;128;66;25;29;72;;50;58;12;15;79;;144;57;26;28;61;77;;29;;39;6;19;12;14;12;20;;;23;18;;9;;;;;4;14;7;3;26;28;44;29;6;5;38;2;;13;;;13;22;46;1848
09/06/2016;11,38;;53;;47;29;;37;24;53;45;;19;78;105;66;22;36;68;;29;54;13;18;110;;206;84;48;50;90;78;;38;;52;13;37;40;13;32;32;;;45;33;;25;;;;;8;22;2;8;21;32;41;26;11;21;26;3;3;20;;;17;19;41;2143
10/06/2016;11,96;;73;;80;36;;67;41;65;67;;25;129;177;112;35;28;114;;54;91;13;21;105;;180;85;49;51;75;72;;35;;69;9;14;18;11;16;22;;;37;27;;31;;;1;;15;21;1;9;23;47;68;45;6;5;30;2;2;21;;;27;27;72;2556
11/06/2016;10,92;;42;;5;5;;1;4;9;6;;4;7;19;10;3;35;19;;6;5;1;;89;;107;51;47;46;64;54;;21;;35;8;20;13;12;10;14;;;13;13;;9;;;;;7;8;13;9;1;4;11;6;11;14;;;;10;;;15;;;916
13/06/2016;9,94;;38;;50;28;;41;64;58;36;;14;74;95;75;17;20;69;;55;55;8;10;48;;105;48;22;25;42;46;;22;;37;3;8;9;5;23;16;;;38;26;;29;;;;;2;6;3;;16;18;41;32;2;7;61;2;2;10;;;5;11;35;1612
14/06/2016;12,68;;29;;57;27;;43;21;40;48;;10;58;96;68;16;27;61;;41;48;4;5;121;;195;71;47;45;75;74;;53;;29;13;37;32;17;15;19;;;19;23;;18;;;3;;10;13;16;8;18;18;34;22;11;11;177;11;11;15;;;11;9;20;2020
15/06/2016;15,54;;45;;62;21;;48;24;48;50;;14;84;123;74;16;20;50;;52;67;8;8;61;;109;61;56;43;47;78;;34;;40;8;13;19;10;22;27;;;33;19;;19;;1;;;6;8;9;1;21;22;41;23;7;7;7;;4;15;;;9;43;66;1803
16/06/2016;17,36;;37;;50;20;;41;30;30;40;;15;66;80;53;34;27;52;;33;43;10;12;70;;122;74;36;49;72;74;;32;;38;13;30;24;8;20;23;;;32;24;;15;;;;;5;9;8;2;13;26;23;17;14;7;32;2;1;8;;;7;26;25;1654
17/06/2016;18,9;;40;;57;27;;41;30;59;50;;23;59;100;51;33;40;64;;47;59;18;12;66;;132;38;40;39;58;57;;23;;48;14;17;26;16;28;24;;;45;47;;34;2;;;;8;10;19;9;22;11;39;13;7;9;20;10;3;15;;;6;26;33;1824
18/06/2016;15,34;;10;;11;12;;7;4;8;12;;8;13;17;11;5;8;17;;9;16;4;1;30;;44;22;6;11;20;22;;13;;12;4;7;5;;5;6;;;8;8;;3;;;;;2;1;1;2;5;6;10;6;3;1;1;1;;2;;;3;13;17;473
20/06/2016;13,4;;19;;16;16;;18;45;15;19;;9;30;42;22;11;17;23;;24;29;3;8;10;;47;7;13;9;12;10;;1;;23;2;;4;1;15;9;;;21;25;;26;;;;;1;2;1;;4;7;8;7;3;;10;3;;;;;1;3;7;658
21/06/2016;12,78;;40;;61;22;;40;31;40;46;;15;62;95;58;25;30;64;;39;56;10;4;69;;149;52;35;34;46;84;;22;;49;7;17;21;14;11;16;;;29;18;;22;;;;;4;11;17;3;21;25;28;32;4;5;164;10;;14;;;16;32;45;1864
22/06/2016;13,88;;37;;72;20;;35;29;43;55;;21;81;111;66;25;31;76;;44;60;7;8;52;;105;33;28;28;39;47;;14;;41;3;9;9;5;12;13;;;80;69;;72;;;;;2;9;10;2;25;23;39;36;3;2;40;5;1;14;;;9;16;28;1744
23/06/2016;16,68;;64;;45;20;;59;18;69;61;;34;90;116;76;45;49;75;;63;76;5;3;77;;134;59;28;38;65;73;;30;;54;19;17;19;9;20;21;;;99;100;;76;1;;;;7;19;18;3;49;22;36;34;2;6;33;11;3;8;;1;16;31;53;2259
24/06/2016;14,44;;57;;74;34;;51;33;63;65;;19;104;148;104;29;48;103;;67;99;10;5;97;;199;76;42;45;88;115;;42;;62;14;18;24;10;42;43;;;86;62;;68;;1;;1;5;12;17;7;39;21;49;43;13;14;21;2;2;18;1;1;12;34;59;2618
